{"stats":{"minecraft:killed_by":{"iceandfire:siren":1,"minecraft:player":3},"minecraft:dropped":{"minecraft:orange_dye":1,"spellsword:wrathofzeus":1,"minecraft:glass_bottle":2,"minecraft:red_wool":1,"biomesoplenty:palm_leaves":1,"more_beautiful_torches:spruce_planks_torch":3,"cfm:spruce_park_bench":1,"minecraft:tipped_arrow":3,"minecraft:beef":1,"psychadelic:chemistrybook":4,"divine_weaponry:chaos_sword":1,"minecraft:wooden_axe":10,"minecraft:oak_trapdoor":1,"biomesoplenty:mahogany_hanging_sign":1,"minecraft:spruce_fence":1,"minecraft:spruce_trapdoor":1},"minecraft:custom":{"lootr:looted_stat":2,"minecraft:interact_with_crafting_table":2,"minecraft:open_barrel":13,"minecraft:leave_game":28,"minecraft:time_since_death":158144,"minecraft:sprint_one_cm":754557,"minecraft:drop":32,"minecraft:play_time":1243124,"minecraft:deaths":9,"minecraft:jump":2978,"minecraft:interact_with_brewingstand":1,"minecraft:walk_on_water_one_cm":25310,"minecraft:damage_dealt":3857,"minecraft:interact_with_beacon":2,"minecraft:player_kills":1,"minecraft:crouch_one_cm":80137,"tombstone:undead_killed":4,"tombstone:villager_killed":2,"minecraft:mob_kills":27,"minecraft:fill_cauldron":2,"minecraft:climb_one_cm":2104,"minecraft:walk_one_cm":1048872,"minecraft:sneak_time":31111,"minecraft:walk_under_water_one_cm":85854,"minecraft:total_world_time":1243124,"minecraft:pot_flower":39,"minecraft:time_since_rest":157780,"minecraft:damage_taken":4999,"minecraft:swim_one_cm":15221,"minecraft:fly_one_cm":5691977,"minecraft:open_chest":6,"minecraft:aviate_one_cm":4488374,"minecraft:fall_one_cm":9460},"minecraft:picked_up":{"minecraft:wooden_axe":9,"drinkbeer:recipe_board_beer_mug_blaze_stout":1,"minecraft:anvil":1,"minecraft:lead":4,"minecraft:enchanted_book":1,"minecraft:brown_bed":1,"minecraft:oak_stairs":1,"minecraft:potion":1,"drinkbeer:recipe_board_beer_mug_pumpkin_kvass":1,"drinkbeer:recipe_board_beer_mug_night_howl_kvass":1,"drinkbeer:recipe_board_beer_mug_apple_lambic":1,"minecraft:rose_bush":12,"alexsmobs:raccoon_tail":1,"minecraft:dark_oak_door":2,"minecraft:tipped_arrow":1,"minecraft:big_dripleaf":1,"minecraft:oak_fence":1,"minecraft:torch":24,"minecraft:porkchop":1,"minecraft:quartz_block":13,"minecraft:rotten_flesh":10,"fromtheshadows:crimson_shell":1,"minecraft:bookshelf":1,"minecraft:cod":1,"minecraft:cobblestone":17,"minecraft:pink_petals":337,"minecraft:iron_door":8,"minecraft:water_bucket":1,"minecraft:smoker":1,"minecraft:potato":2,"minecraft:dirt":55,"more_beautiful_torches:spruce_planks_torch":3,"minecraft:lantern":11,"minecraft:glass":1,"minecraft:bone":2,"minecraft:wheat_seeds":119,"camera:image":3,"minecraft:oak_planks":12,"biomesoplenty:toadstool":2,"drinkbeer:recipe_board_beer_mug_blaze_milk_stout":1,"minecraft:ink_sac":5,"alexsmobs:animal_dictionary":1,"minecraft:lever":3,"cfm:spruce_park_bench":1,"minecraft:splash_potion":1,"minecraft:chicken":1,"biomesoplenty:mahogany_hanging_sign":1,"drinkbeer:recipe_board_beer_mug":1,"minecraft:chain":1,"minecraft:oak_trapdoor":1,"minecraft:moss_carpet":1,"minecraft:flint_and_steel":2,"minecraft:item_frame":2,"drinkbeer:recipe_board_beer_mug_frothy_pink_eggnog":1,"minecraft:beef":4,"minecraft:spruce_trapdoor":1,"drinkbeer:recipe_board_beer_mug_sweet_berry_kriek":1,"minecraft:orange_dye":1,"minecraft:oak_door":1,"minecraft:spruce_fence":1,"minecraft:trident":1,"minecraft:light_blue_bed":12,"minecraft:tnt":3,"minecraft:arrow":4,"divine_weaponry:chaos_sword":2,"biomesoplenty:jacaranda_hanging_sign":8,"minecraft:mutton":2,"minecraft:white_wool":1,"divine_weaponry:netherite_longsword":1,"minecraft:tripwire_hook":2,"minecraft:leather":7,"minecraft:birch_planks":1,"minecraft:oak_log":1,"drinkbeer:golden_call_bell":1,"minecraft:gunpowder":2,"drinkbeer:recipe_board_beer_mug_haars_icey_pale_lager":1,"minecraft:birch_pressure_plate":1,"minecraft:stone_bricks":1,"minecraft:glass_bottle":4,"minecraft:oak_slab":1,"minecraft:sweet_berries":3,"minecraft:red_wool":1,"minecraft:yellow_concrete":55,"minecraft:dandelion":4,"minecraft:gravel":12,"minecraft:birch_stairs":1,"minecraft:spruce_door":1,"minecraft:campfire":1,"biomesoplenty:mahogany_door":17,"psychadelic:chemistrybook":4,"spellsword:wrathofzeus":3},"minecraft:crafted":{"minecraft:leather_chestplate":3,"minecraft:leather_helmet":2},"minecraft:killed":{"minecraft:skeleton":1,"minecraft:chicken":1,"minecraft:pig":2,"minecraft:creeper":1,"minecraft:sheep":3,"minecraft:trader_llama":4,"minecraft:zombie":3,"minecraft:cow":1,"capybaramod:capybara":2,"alexsmobs:raccoon":1,"minecraft:wandering_trader":2,"fromtheshadows:bulldrogioth":1,"minecraft:squid":4},"minecraft:mined":{"minecraft:grass_block":2,"minecraft:grass":3,"minecraft:oak_log":1,"minecraft:dandelion":4},"minecraft:used":{"drinkbeer:golden_call_bell":2,"useless_sword:wither_sword":16,"minecraft:moss_block":1,"minecraft:moss_carpet":1,"iceandfire:dread_stone_stairs":989,"artisan_of_zombie_weapons:saw_glaive":3,"minecraft:spruce_slab":561,"minecraft:oak_sign":1,"biomesoplenty:mahogany_leaves":7,"minecraft:chest":45,"minecraft:stone":76,"securitycraft:security_camera":1,"minecraft:grass":19,"minecraft:bell":1,"cfm:stripped_spruce_chair":20,"minecraft:spruce_leaves":108,"drinkbeer:spice_ice_mint":1,"rechiseled:cherry_planks_wavy":4,"minecraft:lily_of_the_valley":9,"capybaramod:capybara_spawn_egg":2,"drinkbeer:recipe_board_beer_mug_pumpkin_kvass":2,"minecraft:allium":4,"minecraft:orange_wool":4,"drinkbeer:spice_roasted_pecans":2,"minecraft:stripped_spruce_log":32,"minecraft:milk_bucket":1,"minecraft:big_dripleaf":3,"minecraft:glass":61,"minecraft:bricks":352,"minecraft:stripped_dark_oak_wood":213,"alexsmobs:bison_carpet":52,"minecraft:red_wool":17,"minecraft:lantern":172,"minecraft:grass_block":318,"minecraft:polished_andesite_stairs":1,"psychadelic:blue_lotus_joint":1,"minecraft:polished_blackstone_brick_wall":2,"minecraft:light_blue_bed":9,"minecraft:dark_oak_slab":218,"cfm:spruce_desk":28,"minecraft:cherry_leaves":3,"minecraft:diorite_wall":88,"more_beautiful_torches:spruce_planks_torch":24,"minecraft:stone_brick_stairs":24,"minecraft:stone_bricks":683,"testmod:hemp_door":1,"minecraft:item_frame":32,"biomesoplenty:jacaranda_hanging_sign":5,"minecraft:birch_trapdoor":27,"drinkbeer:recipe_board_beer_mug":1,"minecraft:sweet_berries":15,"minecraft:hay_block":15,"psychadelic:weed_in_herb_pipe":1,"minecraft:furnace":7,"minecraft:polished_diorite_stairs":29,"biomesoplenty:hellbark_sign":4,"iceandfire:dread_stone_slab":157,"minecraft:potato":1,"drinkbeer:trade_box_normal":11,"minecraft:stripped_spruce_wood":319,"securitycraft:electrified_iron_fence":9,"minecraft:dark_oak_stairs":126,"minecraft:end_rod":4,"cfm:spruce_kitchen_drawer":1,"minecraft:spruce_door":20,"drinkbeer:recipe_board_beer_mug_blaze_milk_stout":1,"divine_weaponry:erebus_scythe":2,"minecraft:gray_carpet":30,"minecraft:oak_planks":378,"cfm:spruce_cabinet":5,"minecraft:polished_diorite_slab":251,"minecraft:leather_chestplate":1,"biomesoplenty:lavender":2,"iceandfire:dread_stone_bricks":1577,"biomesoplenty:glowflower":4,"minecraft:sugar_cane":9,"minecraft:oak_leaves":231,"minecraft:smooth_quartz_stairs":104,"minecraft:dark_oak_trapdoor":96,"minecraft:golden_hoe":54,"alexsmobs:spawn_egg_mimic_octopus":1,"biomesoplenty:goldenrod":5,"minecraft:loom":1,"rechiseled:amethyst_block_jewel":9,"minecraft:light_blue_wool":12,"minecraft:blast_furnace":2,"biomesoplenty:mahogany_door":6,"minecraft:yellow_concrete":10,"divine_weaponry:zeus_cutlass":2,"minecraft:ochre_froglight":116,"biomesoplenty:rose":1,"cfm:spruce_table":12,"minecraft:lightning_rod":37,"cfm:stripped_spruce_cabinet":3,"minecraft:lever":27,"cfm:spruce_upgraded_fence":122,"minecraft:birch_slab":30,"minecraft:iron_door":5,"drinkbeer:recipe_board_beer_mug_sweet_berry_kriek":1,"minecraft:gravel":104,"cfm:stripped_spruce_park_bench":31,"minecraft:lilac":10,"drinkbeer:recipe_board_package":1,"minecraft:magenta_stained_glass_pane":25,"cfm:stripped_spruce_upgraded_gate":1,"minecraft:grindstone":2,"minecraft:stripped_oak_wood":14,"minecraft:dark_oak_fence":9,"minecraft:smithing_table":1,"minecraft:birch_log":21,"minecraft:chain":21,"minecraft:white_concrete":29,"minecraft:coarse_dirt":117,"minecraft:bone_meal":78,"biomesoplenty:white_sandstone_wall":45,"minecraft:oak_fence":51,"minecraft:oak_trapdoor":23,"camera:image_frame":1,"minecraft:purpur_block":79,"biomesoplenty:mahogany_planks":6,"minecraft:trident":1,"theabyss:phantom_lantern":2,"minecraft:enchanting_table":2,"minecraft:rose_bush":4,"minecraft:iron_bars":46,"alexsmobs:rainbow_glass":24,"minecraft:carved_pumpkin":1,"minecraft:armor_stand":2,"minecraft:red_concrete":122,"drinkbeer:recipe_board_beer_mug_apple_lambic":1,"minecraft:spruce_planks":112,"minecraft:ender_chest":1,"cfm:spruce_bedside_cabinet":8,"minecraft:stripped_birch_wood":3,"cfm:stripped_spruce_table":11,"securitycraft:reinforced_iron_bars":178,"minecraft:oak_door":6,"minecraft:brewing_stand":2,"minecraft:dirt":472,"minecraft:anvil":2,"cfm:stripped_crimson_chair":1,"minecraft:spruce_stairs":430,"minecraft:cobblestone_wall":46,"divine_weaponry:chaos_sword":3,"minecraft:oak_wood":61,"minecraft:golden_shovel":37,"minecraft:granite":4,"minecraft:spruce_fence":179,"drinkbeer:recipe_board_beer_mug_frothy_pink_eggnog":1,"minecraft:oak_fence_gate":13,"minecraft:polished_diorite":266,"minecraft:fern":2,"minecraft:shroomlight":1,"divine_weaponry:sobek_rapier":3,"minecraft:stone_brick_slab":5,"minecraft:dark_oak_planks":43,"iceandfire:dread_stone_bricks_chiseled":58,"minecraft:bookshelf":68,"theabyss:hoglin_lantern":1,"minecraft:oak_stairs":162,"minecraft:cherry_slab":24,"biomesoplenty:tall_lavender":5,"drinkbeer:recipe_board_beer_mug_blaze_stout":1,"minecraft:smooth_quartz":14,"psychadelic:ls_dblotter":1,"minecraft:barrel":63,"theabyss:ender_lantern":1,"minecraft:tripwire_hook":10,"psychadelic:cigarette":1,"minecraft:glowstone":116,"minecraft:iron_trapdoor":67,"cfm:dark_oak_table":1,"psychadelic:mdmapill":1,"minecraft:podzol":29,"tombstone:gift":3,"biomesoplenty:blue_hydrangea":5,"drinkbeer:bartending_table_normal":8,"biomesoplenty:violet":5,"minecraft:golden_axe":20,"minecraft:brown_bed":2,"minecraft:water_bucket":10,"minecraft:cobblestone_stairs":66,"minecraft:dirt_path":156,"minecraft:polished_andesite":156,"biomesoplenty:palm_leaves":91,"weather2:weather_deflector":1,"drinkbeer:recipe_board_beer_mug_haars_icey_pale_lager":1,"spellsword:wrathofzeus":4,"fromtheshadows:thirst_for_blood":2,"minecraft:cherry_planks":115,"drinkbeer:recipe_board_beer_mug_night_howl_kvass":2,"minecraft:cauldron":11,"minecraft:spruce_sign":62,"drinkbeer:spice_storm_shards":3,"minecraft:cobblestone_slab":130,"minecraft:fletching_table":1,"minecraft:beacon":42,"minecraft:stonecutter":2,"vct:spruce_crafting_table":3,"minecraft:spruce_fence_gate":38,"securitycraft:scanner_door_item":11,"minecraft:cracked_stone_bricks":5,"minecraft:glow_item_frame":3,"cfm:spruce_chair":6,"rechiseled:netherite_block_smooth":3,"minecraft:vine":78,"cfm:stripped_crimson_coffee_table":5,"minecraft:oak_slab":237,"more_beautiful_torches:spruce_log_torch":3,"minecraft:crafting_table":2,"iceandfire:dread_stone_bricks_mossy":34,"minecraft:campfire":27,"minecraft:painting":12,"biomesoplenty:wildflower":8,"minecraft:smoker":3,"minecraft:spruce_log":311,"minecraft:purple_stained_glass":1,"minecraft:oak_log":886,"drinkbeer:spice_dried_eglia_bud":1,"iceandfire:dragonsteel_fire_hoe":1,"minecraft:flower_pot":45,"minecraft:diamond_shovel":16,"biomesoplenty:pink_daffodil":8,"cfm:white_sofa":2,"drinkbeer:beer_mug_haars_icey_pale_lager":2,"minecraft:cyan_concrete":1,"minecraft:purpur_slab":4,"minecraft:spruce_trapdoor":377,"psychadelic:dxm":1,"minecraft:stone_axe":117,"drinkbeer:beer_barrel":6,"minecraft:pink_petals":76,"psychadelic:cigar":1,"minecraft:cobblestone":6,"minecraft:cherry_stairs":70,"cfm:spruce_park_bench":10,"fusion:bronze_door":2,"minecraft:red_banner":5,"minecraft:glass_pane":32,"alexsmobs:animal_dictionary":1,"minecraft:sea_pickle":7,"minecraft:stripped_oak_log":93,"minecraft:dandelion":1,"minecraft:birch_stairs":249,"iceandfire:dread_stone_bricks_cracked":38}},"DataVersion":3465}