{"stats":{"minecraft:killed_by":{"iceandfire:siren":1,"minecraft:player":3},"minecraft:dropped":{"minecraft:orange_dye":1,"spellsword:wrathofzeus":1,"minecraft:glass_bottle":2,"minecraft:red_wool":1,"biomesoplenty:palm_leaves":1,"minecraft:item_frame":14,"tombstone:white_marble_slab":1,"drinkbeer:beer_mug_blaze_milk_stout":1,"more_beautiful_torches:spruce_planks_torch":3,"minecraft:white_wool":1,"cfm:spruce_park_bench":1,"divine_weaponry:stone_longsword":1,"drinkbeer:beer_mug_blaze_stout":1,"cfm:stripped_spruce_chair":1,"drinkbeer:spice_dried_eglia_bud":1,"drinkbeer:beer_mug_sweet_berry_kriek":1,"drinkbeer:spice_roasted_pecans":1,"minecraft:tipped_arrow":3,"minecraft:beef":1,"drinkbeer:beer_mug":1,"psychadelic:chemistrybook":14,"divine_weaponry:chaos_sword":1,"minecraft:spruce_fence_gate":1,"minecraft:wooden_axe":19,"minecraft:white_banner":1,"minecraft:oak_trapdoor":1,"drinkbeer:beer_mug_apple_lambic":2,"divine_weaponry:erebus_scythe":1,"biomesoplenty:mahogany_hanging_sign":1,"minecraft:spruce_fence":1,"drinkbeer:beer_mug_haars_icey_pale_lager":1,"minecraft:spruce_trapdoor":1},"minecraft:custom":{"lootr:looted_stat":2,"minecraft:interact_with_crafting_table":2,"minecraft:open_barrel":28,"minecraft:leave_game":42,"minecraft:time_since_death":216140,"minecraft:sprint_one_cm":1177378,"minecraft:drop":68,"minecraft:play_time":2270529,"minecraft:deaths":16,"tombstone:tomb_raiding":1,"minecraft:interact_with_brewingstand":7,"minecraft:jump":5041,"minecraft:walk_on_water_one_cm":26906,"minecraft:interact_with_furnace":1,"minecraft:interact_with_loom":15,"minecraft:damage_dealt":5500,"minecraft:interact_with_beacon":2,"minecraft:player_kills":8,"minecraft:crouch_one_cm":146588,"tombstone:undead_killed":4,"tombstone:villager_killed":2,"minecraft:mob_kills":31,"minecraft:fill_cauldron":2,"minecraft:climb_one_cm":12787,"minecraft:walk_one_cm":1687825,"minecraft:sneak_time":64836,"minecraft:walk_under_water_one_cm":87832,"minecraft:total_world_time":2270529,"minecraft:pot_flower":106,"minecraft:time_since_rest":215951,"minecraft:damage_taken":4999,"minecraft:swim_one_cm":15221,"minecraft:fly_one_cm":13089748,"minecraft:open_chest":6,"minecraft:aviate_one_cm":6325889,"minecraft:fall_one_cm":9460},"minecraft:picked_up":{"minecraft:wooden_axe":18,"drinkbeer:recipe_board_beer_mug_blaze_stout":1,"minecraft:anvil":1,"drinkbeer:recipe_board_beer_mug_pumpkin_kvass":1,"minecraft:lead":4,"minecraft:enchanted_book":1,"minecraft:brown_bed":3,"minecraft:oak_stairs":1,"minecraft:potion":6,"farmersdelight:cutting_board":1,"drinkbeer:recipe_board_beer_mug_night_howl_kvass":1,"drinkbeer:recipe_board_beer_mug_apple_lambic":1,"minecraft:rose_bush":12,"cfm:stripped_spruce_chair":1,"farmersdelight:pasta_with_meatballs":1,"alexsmobs:raccoon_tail":1,"tombstone:white_marble_slab":1,"minecraft:smooth_quartz_stairs":1,"minecraft:dark_oak_door":4,"minecraft:tipped_arrow":1,"minecraft:big_dripleaf":2,"minecraft:oak_fence":1,"minecraft:torch":28,"minecraft:porkchop":1,"tombstone:grave_dust":1,"minecraft:quartz_block":17,"minecraft:rotten_flesh":10,"drinkbeer:beer_mug_sweet_berry_kriek":2,"fromtheshadows:crimson_shell":1,"minecraft:bookshelf":1,"minecraft:cod":1,"drinkbeer:iron_call_bell":1,"minecraft:cobblestone":17,"minecraft:pink_petals":337,"minecraft:iron_door":8,"minecraft:water_bucket":1,"minecraft:smoker":1,"minecraft:potato":2,"drinkbeer:beer_mug_blaze_milk_stout":2,"minecraft:dirt":66,"more_beautiful_torches:spruce_planks_torch":4,"minecraft:lantern":74,"drinkbeer:beer_mug_apple_lambic":4,"minecraft:glass":1,"minecraft:bone":2,"minecraft:wheat_seeds":119,"minecraft:bell":1,"camera:image":4,"minecraft:oak_planks":12,"biomesoplenty:toadstool":2,"drinkbeer:recipe_board_beer_mug_blaze_milk_stout":1,"minecraft:oak_pressure_plate":1,"minecraft:ink_sac":5,"alexsmobs:animal_dictionary":1,"minecraft:spruce_fence_gate":1,"minecraft:lever":3,"minecraft:spruce_sign":4,"minecraft:blue_banner":1,"cfm:spruce_park_bench":1,"minecraft:splash_potion":1,"minecraft:chicken":1,"biomesoplenty:huge_lily_pad":2,"biomesoplenty:mahogany_hanging_sign":1,"drinkbeer:recipe_board_beer_mug":1,"minecraft:chain":1,"minecraft:oak_trapdoor":1,"minecraft:moss_carpet":1,"minecraft:flint_and_steel":2,"minecraft:item_frame":32,"drinkbeer:recipe_board_beer_mug_frothy_pink_eggnog":1,"minecraft:beef":4,"minecraft:poppy":1,"minecraft:sugar_cane":3,"minecraft:spruce_trapdoor":1,"drinkbeer:recipe_board_beer_mug_sweet_berry_kriek":1,"minecraft:orange_dye":1,"minecraft:oak_door":2,"minecraft:spruce_fence":1,"minecraft:trident":1,"minecraft:light_blue_bed":12,"minecraft:tnt":3,"minecraft:arrow":4,"drinkbeer:beer_mug_blaze_stout":2,"divine_weaponry:chaos_sword":2,"biomesoplenty:jacaranda_hanging_sign":8,"minecraft:mutton":2,"drinkbeer:beer_mug_haars_icey_pale_lager":2,"minecraft:white_wool":2,"divine_weaponry:netherite_longsword":2,"minecraft:tripwire_hook":2,"minecraft:leather":7,"minecraft:birch_planks":1,"minecraft:oak_log":1,"drinkbeer:golden_call_bell":1,"minecraft:gunpowder":2,"drinkbeer:recipe_board_beer_mug_haars_icey_pale_lager":1,"minecraft:white_banner":1,"minecraft:birch_pressure_plate":1,"minecraft:gray_carpet":1,"minecraft:stone_bricks":1,"divine_weaponry:stone_longsword":7,"securitycraft:bucket_f_lava":1,"minecraft:glass_bottle":4,"minecraft:oak_slab":1,"minecraft:sweet_berries":29,"minecraft:yellow_concrete":55,"minecraft:red_wool":1,"minecraft:dandelion":4,"minecraft:gravel":12,"minecraft:birch_stairs":1,"minecraft:red_banner":17,"minecraft:spruce_door":8,"drinkbeer:spice_roasted_pecans":2,"biomesoplenty:mahogany_door":17,"minecraft:campfire":1,"minecraft:gray_banner":1,"drinkbeer:beer_mug":2,"minecraft:painting":21,"drinkbeer:spice_dried_eglia_bud":2,"minecraft:oak_button":1,"psychadelic:chemistrybook":14,"spellsword:wrathofzeus":4},"minecraft:crafted":{"minecraft:leather_chestplate":3,"minecraft:leather_helmet":2},"minecraft:killed":{"minecraft:skeleton":1,"minecraft:chicken":1,"minecraft:pig":2,"minecraft:creeper":1,"minecraft:sheep":3,"minecraft:trader_llama":4,"minecraft:zombie":3,"minecraft:cow":1,"capybaramod:capybara":2,"alexsmobs:raccoon":1,"alexsmobs:tasmanian_devil":1,"minecraft:bat":3,"minecraft:wandering_trader":2,"fromtheshadows:bulldrogioth":1,"minecraft:squid":4},"minecraft:mined":{"minecraft:grass_block":2,"minecraft:grass":3,"minecraft:oak_log":1,"minecraft:dandelion":4},"minecraft:used":{"drinkbeer:golden_call_bell":3,"useless_sword:wither_sword":16,"minecraft:moss_block":1,"minecraft:moss_carpet":1,"minecraft:writable_book":6,"minecraft:ladder":37,"minecraft:smooth_quartz_slab":7,"iceandfire:dread_stone_stairs":989,"artisan_of_zombie_weapons:saw_glaive":3,"minecraft:spruce_slab":763,"minecraft:bamboo_sign":5,"minecraft:bone_block":15,"minecraft:oak_sign":1,"aquaculture:neptunium_bow":3,"minecraft:green_banner":16,"minecraft:chest":63,"biomesoplenty:mahogany_leaves":7,"farmersdelight:stove":3,"minecraft:stone":323,"securitycraft:security_camera":1,"fusion:fusion_furnace":1,"minecraft:bell":2,"minecraft:quartz_stairs":2,"minecraft:grass":19,"cfm:stripped_spruce_chair":55,"minecraft:smooth_sandstone_stairs":8,"minecraft:spruce_leaves":112,"minecraft:debug_stick":582,"minecraft:soul_campfire":2,"drinkbeer:spice_ice_mint":1,"rechiseled:cherry_planks_wavy":4,"minecraft:lily_of_the_valley":9,"capybaramod:capybara_spawn_egg":2,"minecraft:brick_slab":103,"drinkbeer:recipe_board_beer_mug_pumpkin_kvass":2,"minecraft:allium":4,"minecraft:orange_wool":4,"drinkbeer:spice_roasted_pecans":2,"minecraft:tuff":3,"minecraft:stripped_spruce_log":553,"minecraft:milk_bucket":1,"minecraft:big_dripleaf":3,"minecraft:glass":65,"minecraft:netherite_shovel":6,"minecraft:stripped_dark_oak_wood":213,"minecraft:bricks":762,"alexsmobs:bison_carpet":52,"minecraft:red_wool":21,"minecraft:lantern":268,"minecraft:grass_block":618,"minecraft:green_wool":22,"minecraft:quartz_block":42,"minecraft:polished_andesite_stairs":91,"psychadelic:blue_lotus_joint":1,"minecraft:polished_blackstone_brick_wall":2,"minecraft:gray_concrete_powder":21,"minecraft:dark_oak_leaves":40,"minecraft:light_blue_bed":9,"minecraft:dark_oak_slab":340,"cfm:spruce_desk":28,"minecraft:cherry_leaves":3,"cfm:brown_sofa":4,"minecraft:diorite_wall":88,"more_beautiful_torches:spruce_planks_torch":24,"minecraft:stone_brick_stairs":751,"minecraft:stone_bricks":1501,"minecraft:blue_banner":22,"minecraft:item_frame":256,"testmod:hemp_door":1,"biomesoplenty:jacaranda_hanging_sign":5,"minecraft:birch_trapdoor":27,"drinkbeer:recipe_board_beer_mug":1,"minecraft:redstone_lamp":3,"farmersdelight:cutting_board":2,"minecraft:scaffolding":3,"minecraft:brown_carpet":22,"psychadelic:weed_in_herb_pipe":1,"minecraft:hay_block":21,"minecraft:sweet_berries":37,"minecraft:furnace":12,"cfm:stripped_spruce_kitchen_sink_light":4,"biomesoplenty:hellbark_sign":4,"minecraft:polished_diorite_stairs":29,"minecraft:gold_block":15,"iceandfire:dread_stone_slab":157,"minecraft:gray_banner":19,"minecraft:potato":1,"minecraft:seagrass":1,"drinkbeer:trade_box_normal":16,"minecraft:stripped_spruce_wood":321,"securitycraft:electrified_iron_fence":9,"minecraft:dark_oak_stairs":319,"minecraft:end_rod":4,"cfm:spruce_kitchen_drawer":4,"minecraft:spruce_door":39,"minecraft:brick_wall":6,"divine_weaponry:erebus_scythe":23,"minecraft:gray_carpet":121,"drinkbeer:recipe_board_beer_mug_blaze_milk_stout":1,"minecraft:acacia_trapdoor":12,"biomesoplenty:smooth_white_sandstone_slab":1,"minecraft:oak_planks":379,"cfm:spruce_cabinet":5,"minecraft:polished_diorite_slab":251,"minecraft:leather_chestplate":1,"psychadelic:chemistrybook":1,"minecraft:composter":16,"biomesoplenty:lavender":2,"iceandfire:dread_stone_bricks":1579,"cfm:brown_kitchen_sink":2,"biomesoplenty:glowflower":4,"minecraft:sugar_cane":19,"minecraft:smooth_quartz_stairs":125,"securitycraft:keypad_barrel":132,"minecraft:oak_leaves":272,"minecraft:white_wool":13,"securitycraft:reinforced_glass_pane":1,"minecraft:brain_coral":1,"minecraft:dark_oak_trapdoor":102,"minecraft:golden_hoe":54,"minecraft:sand":4,"cfm:stripped_birch_blinds":27,"alexsmobs:spawn_egg_mimic_octopus":1,"biomesoplenty:goldenrod":5,"minecraft:loom":98,"rechiseled:amethyst_block_jewel":9,"cfm:stripped_spruce_desk_cabinet":2,"minecraft:light_blue_wool":30,"minecraft:black_banner":24,"minecraft:blast_furnace":2,"biomesoplenty:mahogany_door":6,"minecraft:yellow_concrete":10,"cfm:orange_sofa":6,"biomesoplenty:rose":1,"divine_weaponry:zeus_cutlass":2,"minecraft:stone_brick_wall":50,"minecraft:gray_concrete":31,"minecraft:ochre_froglight":116,"minecraft:black_concrete_powder":1,"securitycraft:reinforced_hopper":6,"vct:bop_umbran_crafting_table":1,"cfm:spruce_table":60,"minecraft:lightning_rod":37,"cfm:stripped_spruce_cabinet":3,"minecraft:lever":29,"cfm:spruce_upgraded_fence":170,"minecraft:birch_slab":30,"minecraft:light_gray_concrete":63,"minecraft:heavy_weighted_pressure_plate":1,"minecraft:lectern":9,"vct:jungle_crafting_table":2,"minecraft:oak_pressure_plate":3,"minecraft:iron_door":5,"drinkbeer:recipe_board_beer_mug_sweet_berry_kriek":1,"minecraft:gravel":149,"cfm:stripped_spruce_park_bench":31,"cfm:stripped_dark_oak_chair":33,"minecraft:lilac":10,"minecraft:polished_andesite_slab":37,"drinkbeer:recipe_board_package":1,"minecraft:magenta_stained_glass_pane":25,"theabyss:heal_camp_fire":1,"cfm:stripped_jungle_chair":7,"minecraft:smooth_red_sandstone_slab":1,"cfm:stripped_spruce_upgraded_gate":1,"minecraft:stripped_oak_wood":23,"securitycraft:reinforced_gold_block":12,"cfm:dark_oak_park_bench":2,"minecraft:grindstone":3,"minecraft:dark_oak_fence":102,"minecraft:smithing_table":1,"minecraft:andesite":1,"minecraft:birch_log":21,"minecraft:chain":66,"minecraft:white_concrete":29,"minecraft:coarse_dirt":318,"minecraft:purple_wool":23,"minecraft:bone_meal":135,"minecraft:cobweb":1,"drinkbeer:lekas_call_bell":3,"biomesoplenty:white_sandstone_wall":45,"minecraft:oak_fence":51,"minecraft:oak_trapdoor":88,"camera:image_frame":1,"minecraft:purpur_block":79,"biomesoplenty:mahogany_planks":6,"theabyss:phantom_lantern":2,"minecraft:trident":1,"minecraft:jungle_leaves":113,"minecraft:iron_bars":50,"minecraft:rose_bush":4,"minecraft:enchanting_table":2,"alexsmobs:rainbow_glass":24,"minecraft:carved_pumpkin":1,"minecraft:red_concrete":122,"minecraft:armor_stand":2,"minecraft:stone_shovel":5,"divine_weaponry:netherite_battleaxe":2,"drinkbeer:recipe_board_beer_mug_apple_lambic":1,"minecraft:spruce_planks":763,"minecraft:ender_chest":1,"cfm:stripped_spruce_table":11,"cfm:spruce_bedside_cabinet":8,"minecraft:stripped_birch_wood":3,"cfm:stripped_spruce_coffee_table":2,"securitycraft:reinforced_iron_bars":178,"minecraft:dried_kelp_block":3,"minecraft:oak_door":6,"minecraft:torch":2,"minecraft:brewing_stand":9,"cfm:light_blue_kitchen_sink":1,"minecraft:dirt":519,"minecraft:anvil":2,"minecraft:spruce_stairs":788,"cfm:stripped_crimson_chair":1,"minecraft:cobblestone_wall":84,"divine_weaponry:chaos_sword":3,"minecraft:oak_wood":61,"minecraft:golden_shovel":37,"minecraft:spruce_fence":279,"minecraft:granite":4,"drinkbeer:recipe_board_beer_mug_frothy_pink_eggnog":1,"minecraft:oak_fence_gate":17,"minecraft:polished_diorite":266,"minecraft:fern":2,"minecraft:purple_banner":25,"minecraft:shroomlight":1,"divine_weaponry:sobek_rapier":3,"minecraft:stone_brick_slab":84,"minecraft:dark_oak_planks":135,"iceandfire:dread_stone_bricks_chiseled":58,"minecraft:bookshelf":105,"theabyss:hoglin_lantern":5,"minecraft:rooted_dirt":123,"minecraft:brick_stairs":521,"iceandfire:crackled_dirt":104,"minecraft:oak_stairs":171,"minecraft:cherry_slab":24,"biomesoplenty:tall_lavender":5,"minecraft:spruce_button":103,"minecraft:smooth_sandstone":1,"drinkbeer:recipe_board_beer_mug_blaze_stout":1,"minecraft:smooth_quartz":18,"psychadelic:ls_dblotter":1,"minecraft:barrel":133,"rechiseled:bone_block_smooth":827,"drinkbeer:iron_call_bell":6,"minecraft:light_gray_wool":16,"theabyss:ender_lantern":1,"psychadelic:cigarette":1,"minecraft:tripwire_hook":13,"cfm:stripped_spruce_upgraded_fence":1,"minecraft:glowstone":118,"minecraft:black_stained_glass":4,"minecraft:magenta_wool":18,"minecraft:iron_trapdoor":72,"cfm:dark_oak_table":3,"psychadelic:mdmapill":1,"minecraft:podzol":637,"farmersdelight:cooking_pot":2,"tombstone:gift":3,"biomesoplenty:blue_hydrangea":5,"drinkbeer:bartending_table_normal":8,"biomesoplenty:violet":5,"minecraft:turtle_egg":3,"minecraft:pumpkin":2,"minecraft:golden_axe":20,"minecraft:brown_bed":3,"minecraft:quartz_bricks":38,"tombstone:white_marble_slab":1,"minecraft:water_bucket":27,"minecraft:cobblestone_stairs":68,"minecraft:dirt_path":156,"minecraft:dark_oak_hanging_sign":1,"minecraft:lime_wool":13,"minecraft:polished_andesite":242,"minecraft:blue_wool":23,"biomesoplenty:palm_leaves":91,"weather2:weather_deflector":2,"spellsword:wrathofzeus":4,"drinkbeer:recipe_board_beer_mug_haars_icey_pale_lager":1,"minecraft:andesite_slab":6,"fromtheshadows:thirst_for_blood":2,"minecraft:cherry_planks":115,"drinkbeer:recipe_board_beer_mug_night_howl_kvass":2,"minecraft:spruce_sign":95,"minecraft:cauldron":11,"minecraft:spruce_fence_gate":166,"drinkbeer:spice_storm_shards":3,"minecraft:fletching_table":1,"minecraft:beacon":42,"minecraft:stonecutter":3,"minecraft:cobblestone_slab":145,"vct:spruce_crafting_table":5,"securitycraft:scanner_door_item":11,"minecraft:cracked_stone_bricks":5,"minecraft:glow_item_frame":3,"cfm:spruce_chair":6,"minecraft:mossy_cobblestone":1,"vct:acacia_crafting_table":1,"minecraft:vine":96,"rechiseled:netherite_block_smooth":3,"cfm:stripped_crimson_coffee_table":5,"minecraft:oak_slab":237,"more_beautiful_torches:spruce_log_torch":3,"minecraft:crafting_table":2,"minecraft:red_bed":2,"iceandfire:dread_stone_bricks_mossy":34,"minecraft:brown_banner":16,"minecraft:campfire":48,"minecraft:light_gray_concrete_powder":44,"minecraft:painting":150,"biomesoplenty:wildflower":8,"minecraft:spruce_log":1293,"minecraft:cake":1,"minecraft:smoker":7,"minecraft:purple_stained_glass":1,"minecraft:oak_log":886,"minecraft:mud":7,"iceandfire:dragonsteel_fire_hoe":1,"drinkbeer:spice_dried_eglia_bud":1,"minecraft:flower_pot":120,"minecraft:black_wool":28,"minecraft:diamond_shovel":16,"biomesoplenty:pink_daffodil":8,"cfm:white_sofa":6,"minecraft:oak_button":2,"minecraft:spruce_pressure_plate":2,"drinkbeer:beer_mug_haars_icey_pale_lager":2,"minecraft:cyan_concrete":1,"minecraft:purpur_slab":4,"minecraft:spruce_trapdoor":736,"psychadelic:dxm":1,"minecraft:stone_axe":117,"minecraft:pink_petals":76,"drinkbeer:beer_barrel":6,"fusion:thyrium_bow":12,"minecraft:cobblestone":106,"psychadelic:cigar":1,"minecraft:cherry_stairs":70,"cfm:spruce_park_bench":10,"minecraft:mud_brick_wall":92,"minecraft:white_banner":15,"fusion:bronze_door":2,"minecraft:red_banner":18,"minecraft:glass_pane":149,"alexsmobs:animal_dictionary":1,"minecraft:sea_pickle":9,"minecraft:stripped_oak_log":93,"minecraft:gray_wool":18,"minecraft:dandelion":1,"minecraft:jukebox":1,"minecraft:birch_stairs":249,"iceandfire:dread_stone_bricks_cracked":38}},"DataVersion":3465}