{"stats":{"minecraft:killed_by":{"minecraft:player":3,"iceandfire:siren":1},"minecraft:custom":{"lootr:looted_stat":2,"minecraft:mob_kills":20,"minecraft:interact_with_crafting_table":2,"minecraft:open_barrel":4,"minecraft:fill_cauldron":2,"minecraft:leave_game":18,"minecraft:time_since_death":329462,"minecraft:climb_one_cm":1938,"minecraft:sprint_one_cm":482648,"minecraft:walk_one_cm":629617,"minecraft:drop":20,"minecraft:play_time":637620,"minecraft:deaths":8,"minecraft:sneak_time":15639,"minecraft:walk_under_water_one_cm":81866,"minecraft:jump":1844,"minecraft:interact_with_brewingstand":1,"minecraft:walk_on_water_one_cm":25062,"minecraft:total_world_time":637620,"minecraft:pot_flower":33,"minecraft:time_since_rest":329149,"minecraft:damage_taken":4799,"minecraft:damage_dealt":3517,"minecraft:player_kills":1,"minecraft:swim_one_cm":14862,"minecraft:fly_one_cm":2770765,"minecraft:open_chest":5,"minecraft:crouch_one_cm":39123,"tombstone:undead_killed":4,"tombstone:villager_killed":2,"minecraft:aviate_one_cm":1402968,"minecraft:fall_one_cm":7178},"minecraft:mined":{"minecraft:grass_block":2,"minecraft:dandelion":4,"minecraft:grass":3,"minecraft:oak_log":1},"minecraft:dropped":{"minecraft:orange_dye":1,"divine_weaponry:chaos_sword":1,"minecraft:glass_bottle":2,"biomesoplenty:palm_leaves":1,"minecraft:wooden_axe":6,"more_beautiful_torches:spruce_planks_torch":3,"minecraft:oak_trapdoor":1,"biomesoplenty:mahogany_hanging_sign":1,"minecraft:tipped_arrow":3,"minecraft:spruce_trapdoor":1,"minecraft:beef":1},"minecraft:crafted":{"minecraft:leather_helmet":2,"minecraft:leather_chestplate":3},"minecraft:killed":{"capybaramod:capybara":2,"alexsmobs:raccoon":1,"minecraft:skeleton":1,"minecraft:chicken":1,"minecraft:pig":2,"minecraft:wandering_trader":2,"fromtheshadows:bulldrogioth":1,"minecraft:creeper":1,"minecraft:trader_llama":4,"minecraft:zombie":3,"minecraft:cow":1},"minecraft:picked_up":{"minecraft:wooden_axe":5,"minecraft:chicken":1,"minecraft:lead":4,"minecraft:enchanted_book":1,"minecraft:brown_bed":1,"minecraft:potion":1,"biomesoplenty:mahogany_hanging_sign":1,"minecraft:oak_trapdoor":1,"minecraft:moss_carpet":1,"minecraft:beef":4,"minecraft:rose_bush":12,"alexsmobs:raccoon_tail":1,"minecraft:spruce_trapdoor":1,"minecraft:tipped_arrow":1,"minecraft:orange_dye":1,"minecraft:big_dripleaf":1,"minecraft:torch":9,"minecraft:porkchop":1,"minecraft:trident":1,"minecraft:arrow":4,"minecraft:rotten_flesh":10,"divine_weaponry:chaos_sword":2,"biomesoplenty:jacaranda_hanging_sign":8,"fromtheshadows:crimson_shell":1,"minecraft:cod":1,"minecraft:cobblestone":14,"minecraft:pink_petals":337,"minecraft:leather":7,"minecraft:potato":1,"minecraft:oak_log":1,"minecraft:gunpowder":2,"minecraft:dirt":20,"minecraft:lantern":1,"more_beautiful_torches:spruce_planks_torch":3,"minecraft:bone":2,"minecraft:wheat_seeds":119,"minecraft:glass_bottle":4,"minecraft:oak_planks":11,"biomesoplenty:toadstool":2,"minecraft:sweet_berries":3,"minecraft:dandelion":4,"minecraft:gravel":12,"minecraft:ink_sac":4,"alexsmobs:animal_dictionary":1,"biomesoplenty:mahogany_door":17},"minecraft:used":{"useless_sword:wither_sword":16,"minecraft:moss_block":1,"minecraft:oak_fence":51,"minecraft:oak_trapdoor":23,"minecraft:purpur_block":79,"biomesoplenty:mahogany_planks":6,"minecraft:moss_carpet":1,"minecraft:trident":1,"theabyss:phantom_lantern":2,"minecraft:enchanting_table":2,"alexsmobs:rainbow_glass":24,"minecraft:armor_stand":2,"minecraft:carved_pumpkin":1,"iceandfire:dread_stone_stairs":989,"artisan_of_zombie_weapons:saw_glaive":3,"minecraft:spruce_slab":25,"minecraft:oak_sign":1,"biomesoplenty:mahogany_leaves":7,"minecraft:chest":41,"minecraft:ender_chest":1,"minecraft:stone":17,"minecraft:stripped_birch_wood":3,"minecraft:bell":1,"minecraft:oak_door":6,"minecraft:brewing_stand":2,"rechiseled:cherry_planks_wavy":4,"minecraft:dirt":447,"minecraft:anvil":2,"minecraft:lily_of_the_valley":9,"capybaramod:capybara_spawn_egg":2,"cfm:stripped_crimson_chair":1,"minecraft:spruce_stairs":77,"minecraft:allium":4,"divine_weaponry:chaos_sword":3,"minecraft:golden_shovel":15,"minecraft:spruce_fence":27,"minecraft:oak_fence_gate":13,"minecraft:fern":2,"minecraft:big_dripleaf":3,"minecraft:shroomlight":1,"divine_weaponry:sobek_rapier":3,"minecraft:glass":17,"iceandfire:dread_stone_bricks_chiseled":58,"minecraft:bricks":3,"minecraft:bookshelf":68,"theabyss:hoglin_lantern":1,"minecraft:lantern":35,"minecraft:grass_block":71,"minecraft:oak_stairs":151,"minecraft:cherry_slab":24,"minecraft:cherry_leaves":3,"more_beautiful_torches:spruce_planks_torch":24,"minecraft:barrel":32,"biomesoplenty:jacaranda_hanging_sign":5,"theabyss:ender_lantern":1,"minecraft:tripwire_hook":1,"minecraft:birch_trapdoor":27,"minecraft:glowstone":116,"minecraft:sweet_berries":11,"minecraft:furnace":7,"tombstone:gift":3,"iceandfire:dread_stone_slab":157,"biomesoplenty:hellbark_sign":4,"biomesoplenty:blue_hydrangea":1,"minecraft:potato":1,"biomesoplenty:violet":5,"minecraft:golden_axe":16,"minecraft:brown_bed":2,"minecraft:water_bucket":10,"minecraft:end_rod":4,"minecraft:dirt_path":29,"minecraft:spruce_door":4,"divine_weaponry:erebus_scythe":2,"minecraft:gray_carpet":30,"biomesoplenty:palm_leaves":91,"minecraft:oak_planks":340,"spellsword:wrathofzeus":2,"minecraft:leather_chestplate":1,"minecraft:spruce_sign":2,"minecraft:cherry_planks":115,"iceandfire:dread_stone_bricks":1577,"biomesoplenty:lavender":2,"minecraft:cauldron":3,"biomesoplenty:glowflower":4,"minecraft:sugar_cane":9,"minecraft:fletching_table":1,"minecraft:stonecutter":2,"vct:spruce_crafting_table":3,"minecraft:spruce_fence_gate":3,"minecraft:oak_leaves":11,"more_beautiful_torches:spruce_log_torch":3,"minecraft:golden_hoe":54,"minecraft:loom":1,"rechiseled:netherite_block_smooth":3,"cfm:stripped_crimson_coffee_table":5,"alexsmobs:spawn_egg_mimic_octopus":1,"minecraft:oak_slab":224,"minecraft:crafting_table":2,"rechiseled:amethyst_block_jewel":9,"iceandfire:dread_stone_bricks_mossy":34,"minecraft:light_blue_wool":12,"minecraft:blast_furnace":2,"biomesoplenty:mahogany_door":6,"minecraft:campfire":2,"divine_weaponry:zeus_cutlass":1,"minecraft:ochre_froglight":116,"biomesoplenty:rose":1,"minecraft:painting":12,"biomesoplenty:wildflower":8,"minecraft:smoker":3,"minecraft:oak_log":794,"minecraft:purple_stained_glass":1,"iceandfire:dragonsteel_fire_hoe":1,"minecraft:flower_pot":39,"biomesoplenty:pink_daffodil":8,"cfm:white_sofa":2,"minecraft:birch_slab":30,"minecraft:cyan_concrete":1,"minecraft:purpur_slab":4,"minecraft:spruce_trapdoor":77,"minecraft:gravel":33,"minecraft:lilac":7,"minecraft:stone_axe":117,"minecraft:magenta_stained_glass_pane":25,"minecraft:pink_petals":76,"minecraft:cherry_stairs":70,"minecraft:grindstone":2,"fusion:bronze_door":2,"minecraft:smithing_table":1,"minecraft:birch_log":21,"minecraft:glass_pane":32,"alexsmobs:animal_dictionary":1,"minecraft:sea_pickle":7,"minecraft:stripped_oak_log":52,"minecraft:dandelion":1,"minecraft:bone_meal":39,"minecraft:birch_stairs":249,"iceandfire:dread_stone_bricks_cracked":38}},"DataVersion":3465}