{"stats":{"minecraft:mined":{"minecraft:grass_block":2,"minecraft:oxeye_daisy":2,"minecraft:dirt_path":4,"minecraft:stone":16,"minecraft:dandelion":2,"minecraft:poppy":2,"minecraft:tall_grass":10,"minecraft:grass":38,"minecraft:dirt":18},"minecraft:killed_by":{"minecraft:player":1,"minecraft:enderman":1,"fromtheshadows:bulldrogioth":2},"minecraft:killed":{"minecraft:sheep":2,"minecraft:zombie":1,"minecraft:cow":1},"minecraft:picked_up":{"minecraft:wooden_axe":1,"minecraft:lead":1,"minecraft:potion":1,"minecraft:item_frame":1,"minecraft:beef":1,"minecraft:poppy":2,"minecraft:dark_oak_door":4,"minecraft:tipped_arrow":3,"minecraft:quartz_block":13,"minecraft:rotten_flesh":2,"minecraft:cobblestone":19,"minecraft:oxeye_daisy":2,"minecraft:leather":4,"biomesoplenty:palm_leaves":1,"minecraft:stripped_birch_log":2,"minecraft:dirt":42,"more_beautiful_torches:spruce_planks_torch":1,"minecraft:wheat_seeds":3,"minecraft:glass_bottle":2,"camera:image":4,"minecraft:dandelion":2,"minecraft:grass_block":1,"alexsmobs:animal_dictionary":1,"minecraft:quartz_bricks":1,"spellsword:wrathofzeus":1},"minecraft:custom":{"lootr:looted_stat":2,"minecraft:mob_kills":6,"minecraft:interact_with_crafting_table":1,"minecraft:open_barrel":1,"minecraft:leave_game":11,"minecraft:time_since_death":546541,"minecraft:climb_one_cm":357,"minecraft:sprint_one_cm":511284,"minecraft:walk_one_cm":730315,"minecraft:drop":124,"minecraft:play_time":604645,"minecraft:deaths":8,"minecraft:sneak_time":28079,"minecraft:walk_under_water_one_cm":38025,"tombstone:tomb_raiding":2,"minecraft:jump":3126,"minecraft:walk_on_water_one_cm":7935,"minecraft:total_world_time":604645,"minecraft:pot_flower":1,"minecraft:time_since_rest":370024,"minecraft:open_enderchest":3,"minecraft:damage_taken":5815,"tombstone:sneak_grave":1,"minecraft:damage_dealt":3080,"minecraft:swim_one_cm":47868,"minecraft:fly_one_cm":3141624,"minecraft:player_kills":3,"minecraft:open_chest":3,"minecraft:crouch_one_cm":45223,"tombstone:undead_killed":1,"minecraft:aviate_one_cm":608868,"minecraft:fall_one_cm":35719},"minecraft:used":{"minecraft:oak_fence":154,"minecraft:oak_trapdoor":76,"minecraft:trident":13,"minecraft:flint_and_steel":16,"minecraft:smooth_quartz_slab":14,"minecraft:oak_sign":3,"minecraft:stone":3,"minecraft:zombie_spawn_egg":1,"securitycraft:security_camera":3,"minecraft:wooden_shovel":12,"minecraft:grass":2,"minecraft:oak_door":2,"minecraft:torch":23,"weather2:tornado_sensor":1,"minecraft:dirt":226,"minecraft:birch_pressure_plate":1,"minecraft:anvil":1,"minecraft:spruce_stairs":27,"minecraft:spruce_fence":2,"minecraft:oak_fence_gate":7,"minecraft:warden_spawn_egg":10,"minecraft:glass":101,"minecraft:sea_lantern":1,"minecraft:lava_bucket":1,"minecraft:bricks":7,"minecraft:bookshelf":15,"minecraft:quartz_slab":2,"minecraft:lantern":34,"minecraft:oak_stairs":83,"minecraft:quartz_block":806,"more_beautiful_torches:spruce_planks_torch":2,"minecraft:stone_brick_stairs":178,"minecraft:stone_bricks":941,"minecraft:item_frame":14,"minecraft:light_gray_wool":14,"easy_npc:vindicator_spawn_egg":1,"minecraft:birch_trapdoor":1,"minecraft:black_stained_glass":171,"tombstone:gift":5,"minecraft:potato":94,"minecraft:brown_bed":1,"minecraft:quartz_bricks":281,"minecraft:water_bucket":3,"minecraft:birch_planks":120,"minecraft:oak_planks":239,"spellsword:wrathofzeus":3,"minecraft:sheep_spawn_egg":7,"minecraft:oak_leaves":33,"minecraft:smooth_quartz_stairs":276,"minecraft:tnt":41,"minecraft:oak_slab":113,"minecraft:light_blue_wool":17,"minecraft:yellow_concrete":49,"minecraft:campfire":6,"minecraft:painting":7,"minecraft:smoker":3,"minecraft:dark_oak_door":10,"minecraft:birch_fence":5,"minecraft:oak_log":366,"iceandfire:dragonsteel_lightning_hoe":89,"minecraft:wooden_hoe":1,"minecraft:flower_pot":1,"minecraft:cornflower":2,"minecraft:firework_rocket":269,"minecraft:birch_slab":138,"minecraft:cobblestone":211,"minecraft:potion":2,"minecraft:dark_oak_fence":8,"minecraft:birch_log":3,"minecraft:chain":13,"minecraft:glass_pane":80,"alexsmobs:animal_dictionary":3,"minecraft:stripped_oak_log":21,"minecraft:white_concrete":561,"minecraft:coarse_dirt":2,"minecraft:bone_meal":9,"minecraft:splash_potion":76,"minecraft:birch_stairs":183},"minecraft:dropped":{"minecraft:water_bucket":1,"minecraft:enchanted_book":1,"minecraft:oak_slab":1,"minecraft:birch_planks":1,"minecraft:wheat_seeds":3,"spellsword:wrathofzeus":3,"divine_weaponry:chaos_sword":1,"minecraft:tnt":3,"minecraft:glass_bottle":4,"minecraft:bookshelf":1,"minecraft:oak_fence":3,"minecraft:cobblestone":16,"minecraft:lead":1,"minecraft:leather":4,"minecraft:spruce_stairs":1,"minecraft:grass_block":1,"biomesoplenty:palm_leaves":1,"minecraft:oxeye_daisy":2,"minecraft:dirt":10,"minecraft:birch_fence":1,"minecraft:torch":1,"minecraft:wooden_axe":1,"tombstone:grave_dust":2,"minecraft:potion":2,"minecraft:stripped_birch_log":2,"minecraft:chain":1,"minecraft:oak_stairs":1,"minecraft:bone_meal":1,"more_beautiful_torches:spruce_planks_torch":1,"minecraft:birch_log":1,"minecraft:birch_stairs":2,"divine_weaponry:netherite_longsword":1,"minecraft:dandelion":2,"minecraft:oak_door":1,"minecraft:dark_oak_door":4,"minecraft:anvil":1,"alexsmobs:animal_dictionary":1,"camera:image":6,"minecraft:birch_pressure_plate":1,"minecraft:rotten_flesh":4,"minecraft:oak_planks":1,"minecraft:smoker":1,"minecraft:quartz_bricks":1,"minecraft:spruce_fence":1,"minecraft:glass_pane":2,"minecraft:flint_and_steel":2,"minecraft:poppy":2,"minecraft:oak_fence_gate":1,"minecraft:potato":1,"minecraft:tipped_arrow":1,"minecraft:trident":1,"minecraft:birch_trapdoor":1,"minecraft:quartz_block":13,"minecraft:stone_bricks":1,"minecraft:arrow":2,"minecraft:campfire":1,"minecraft:glass":2,"minecraft:beef":1,"minecraft:splash_potion":1}},"DataVersion":3465}