{"stats":{"minecraft:killed_by":{"minecraft:player":1,"minecraft:enderman":1,"fromtheshadows:bulldrogioth":2},"minecraft:custom":{"lootr:looted_stat":2,"minecraft:mob_kills":3,"minecraft:interact_with_crafting_table":1,"minecraft:open_barrel":1,"minecraft:pot_flower":1,"minecraft:leave_game":6,"minecraft:time_since_death":283551,"minecraft:climb_one_cm":357,"minecraft:time_since_rest":107034,"minecraft:sprint_one_cm":396268,"minecraft:open_enderchest":3,"minecraft:damage_taken":5815,"minecraft:walk_one_cm":549269,"tombstone:sneak_grave":1,"minecraft:drop":69,"minecraft:damage_dealt":2830,"minecraft:swim_one_cm":47868,"minecraft:fly_one_cm":1378875,"minecraft:player_kills":3,"minecraft:open_chest":3,"minecraft:crouch_one_cm":35069,"minecraft:play_time":341655,"tombstone:undead_killed":1,"minecraft:deaths":8,"minecraft:sneak_time":16172,"minecraft:walk_under_water_one_cm":37113,"tombstone:tomb_raiding":2,"minecraft:aviate_one_cm":199868,"minecraft:jump":2408,"minecraft:walk_on_water_one_cm":7656,"minecraft:total_world_time":341655,"minecraft:fall_one_cm":35719},"minecraft:mined":{"minecraft:dandelion":2,"minecraft:grass_block":2,"minecraft:poppy":2,"minecraft:tall_grass":10,"minecraft:oxeye_daisy":2,"minecraft:grass":38,"minecraft:dirt_path":4,"minecraft:dirt":18,"minecraft:stone":16},"minecraft:dropped":{"minecraft:enchanted_book":1,"minecraft:wheat_seeds":3,"divine_weaponry:chaos_sword":1,"alexsmobs:animal_dictionary":1,"minecraft:glass_bottle":4,"minecraft:oak_fence":2,"minecraft:rotten_flesh":4,"minecraft:cobblestone":13,"minecraft:lead":1,"minecraft:leather":4,"minecraft:spruce_stairs":1,"minecraft:spruce_fence":1,"biomesoplenty:palm_leaves":1,"minecraft:glass_pane":2,"minecraft:oxeye_daisy":2,"minecraft:poppy":2,"minecraft:oak_fence_gate":1,"minecraft:dirt":9,"minecraft:tipped_arrow":1,"minecraft:birch_fence":1,"minecraft:trident":1,"minecraft:birch_trapdoor":1,"minecraft:torch":1,"minecraft:wooden_axe":1,"minecraft:potion":2,"tombstone:grave_dust":2,"minecraft:stripped_birch_log":2,"minecraft:bone_meal":1,"minecraft:arrow":2,"more_beautiful_torches:spruce_planks_torch":1,"minecraft:glass":1,"minecraft:beef":1,"minecraft:birch_log":1,"minecraft:birch_stairs":1,"minecraft:dandelion":2},"minecraft:killed":{"minecraft:zombie":1,"minecraft:cow":1},"minecraft:picked_up":{"minecraft:wooden_axe":1,"minecraft:leather":4,"minecraft:lead":1,"minecraft:potion":1,"biomesoplenty:palm_leaves":1,"minecraft:stripped_birch_log":2,"minecraft:dirt":42,"more_beautiful_torches:spruce_planks_torch":1,"minecraft:wheat_seeds":3,"minecraft:beef":1,"minecraft:poppy":2,"minecraft:glass_bottle":2,"minecraft:tipped_arrow":3,"minecraft:dandelion":2,"alexsmobs:animal_dictionary":1,"minecraft:rotten_flesh":2,"minecraft:cobblestone":15,"minecraft:oxeye_daisy":2},"minecraft:used":{"minecraft:oak_fence":154,"minecraft:oak_trapdoor":76,"minecraft:water_bucket":3,"minecraft:trident":13,"minecraft:flint_and_steel":1,"minecraft:birch_planks":120,"minecraft:oak_planks":239,"minecraft:oak_sign":3,"minecraft:stone":3,"minecraft:wooden_shovel":12,"minecraft:grass":2,"minecraft:oak_leaves":33,"minecraft:oak_door":2,"minecraft:torch":6,"minecraft:dirt":158,"minecraft:birch_pressure_plate":1,"minecraft:anvil":1,"minecraft:oak_slab":113,"minecraft:tnt":9,"minecraft:light_blue_wool":17,"minecraft:spruce_stairs":27,"minecraft:campfire":6,"minecraft:spruce_fence":2,"minecraft:smoker":3,"minecraft:oak_fence_gate":7,"minecraft:lava_bucket":1,"iceandfire:dragonsteel_lightning_hoe":89,"minecraft:birch_fence":5,"minecraft:oak_log":366,"minecraft:glass":29,"minecraft:flower_pot":1,"minecraft:wooden_hoe":1,"minecraft:sea_lantern":1,"minecraft:cornflower":2,"minecraft:bookshelf":15,"minecraft:birch_slab":138,"minecraft:lantern":26,"minecraft:oak_stairs":83,"more_beautiful_torches:spruce_planks_torch":2,"minecraft:light_gray_wool":14,"minecraft:birch_trapdoor":1,"minecraft:cobblestone":211,"minecraft:potion":2,"minecraft:birch_log":3,"minecraft:chain":13,"minecraft:glass_pane":80,"tombstone:gift":5,"alexsmobs:animal_dictionary":3,"minecraft:stripped_oak_log":21,"minecraft:potato":94,"minecraft:splash_potion":76,"minecraft:bone_meal":9,"minecraft:birch_stairs":183,"minecraft:brown_bed":1}},"DataVersion":3465}